{
    "love": 1.0,
    "oh": 0.8084169493972425,
    "know": 0.7910019490363098,
    "yeah": 0.6457626506893813,
    "got": 0.6058615462354725,
    "baby": 0.604399769003104,
    "now": 0.48309030534902186,
    "let": 0.44587814913737095,
    "go": 0.438533169710532,
    "time": 0.4132678842128059,
    "one": 0.4125099256478741,
    "make": 0.3923157438821916,
    "want": 0.3862701219952357,
    "come": 0.38078394571572943,
    "girl": 0.3752436295387281,
    "say": 0.35418320941312353,
    "never": 0.3517649606583412,
    "see": 0.3387352919945138,
    "cause": 0.3294232296253519,
    "way": 0.3275463798455208,
    "take": 0.31707933299646285,
    "wanna": 0.31621309463654085,
    "back": 0.3015411824153613,
    "ain't": 0.2869234100916769,
    "feel": 0.2828629177795423,
    "right": 0.281166534324695,
    "need": 0.2746156067277846,
    "gonna": 0.26382372049375585,
    "night": 0.25398830578214104,
    "ooh": 0.23864866815852162,
    "tell": 0.23518371471883345,
    "will": 0.22861474048942468,
    "day": 0.22699054356457085,
    "give": 0.22437378185230636,
    "heart": 0.22020500974518156,
    "thing": 0.2149534396881542,
    "life": 0.213311196130802,
    "man": 0.2132931494983036,
    "la": 0.21013498881108786,
    "hey": 0.2098101494261171,
    "good": 0.2045766260015881,
    "keep": 0.20401718039413846,
    "away": 0.19369450660506748,
    "nigga": 0.1910055583628095,
    "think": 0.18485165668086334,
    "little": 0.1710820760846026,
    "world": 0.16180610698043746,
    "look": 0.16083158882552515,
    "said": 0.16054284270555114,
    "every": 0.15626579080343608,
    "around": 0.15031040207897206,
    "na": 0.14958853677903702,
    "ya": 0.148866671479102,
    "boy": 0.14022233451238,
    "still": 0.13968093553742872,
    "gotta": 0.1375153396376236,
    "long": 0.13652277485021294,
    "eye": 0.1349166245578575,
    "well": 0.13235400274308814,
    "mind": 0.1307478524507327,
    "put": 0.1295567747058399,
    "tonight": 0.12706633942106402,
    "really": 0.1255143290262037,
    "hold": 0.12161625640655453,
    "stop": 0.1188912148992998,
    "uh": 0.11834981592434851,
    "alway": 0.11811520970186963,
    "better": 0.11804302317187612,
    "u": 0.11780841694939724,
    "home": 0.115299935032123,
    "hand": 0.11452392983469285,
    "find": 0.11277340648235039,
    "turn": 0.11170865516494623,
    "call": 0.10743160326283116,
    "light": 0.1072511369378474,
    "real": 0.10586154623547246,
    "much": 0.10245073269327944,
    "shit": 0.10239659279578431,
    "dance": 0.10181910055583628,
    "show": 0.10133184147838013,
    "new": 0.09965350465603118,
    "everything": 0.09884140619360428,
    "nothing": 0.0988233595611059,
    "live": 0.09846242691113838,
    "dream": 0.09761423518371472,
    "gone": 0.09730744243124233,
    "leave": 0.09600808489135927,
    "money": 0.09600808489135927,
    "something": 0.0946365408214827,
    "em": 0.09452826102649246,
    "even": 0.0938966288890493,
    "da": 0.09357178950407855,
    "stay": 0.09310257705912077,
    "friend": 0.09259727134916625,
    "run": 0.09174907962174259,
    "try": 0.09162275319425395,
    "hear": 0.09153252003176207,
    "going": 0.09014292932938714,
    "hard": 0.08877138525951057,
    "believe": 0.0885367790370317,
    "another": 0.08786905363459178,
    "ah": 0.08745398108712914,
    "feeling": 0.08510791886234029,
    "bad": 0.08489135927235977,
    "made": 0.08350176856998484,
    "rock": 0.0826355302100628,
    "play": 0.08236483072258717,
    "bitch": 0.0820399913376164,
    "fuck": 0.08074063379773334,
    "name": 0.07991048870280805,
    "head": 0.07989244207030968,
    "two": 0.07945932289034865,
    "whoa": 0.07866527106042012,
    "talk": 0.078611131162925,
    "mine": 0.07823215188045911,
    "move": 0.0780155922904786,
    "face": 0.07781707933299646,
    "alone": 0.07781707933299646,
    "without": 0.07669818811809716,
    "body": 0.07615678914314589,
    "people": 0.07606655598065401,
    "high": 0.07565148343319136,
    "everybody": 0.07438821915830506,
    "ye": 0.07363026059337327,
    "hit": 0.07283620876344474,
    "yo": 0.07276402223345124,
    "song": 0.07252941601097235,
    "crazy": 0.07196997040352271,
    "last": 0.07195192377102433,
    "please": 0.07142857142857142,
    "break": 0.0713022450010828,
    "big": 0.0711578719410958,
    "walk": 0.06996679419620298,
    "fall": 0.0696600014437306,
    "together": 0.06924492889626796,
    "thought": 0.06886594961380206,
    "change": 0.0682523641088573,
    "enough": 0.06744026564643038,
    "wrong": 0.06736807911643687,
    "inside": 0.067277845953945,
    "bout": 0.06707933299646286,
    "place": 0.06693495993647586,
    "word": 0.0668988666714791,
    "true": 0.06675449361149209,
    "old": 0.06650184075651483,
    "work": 0.06491373709665776,
    "sweet": 0.06478741066916913,
    "left": 0.06453475781419188,
    "mean": 0.06397531220674223,
    "touch": 0.06337977333429581,
    "alright": 0.06240525517938353,
    "hot": 0.06240525517938353,
    "doo": 0.06191799610192738,
    "best": 0.06166534324695012,
    "gon'": 0.06097957121201184,
    "bring": 0.06079910488702808,
    "beat": 0.06076301162203133,
    "nobody": 0.06054645203205082,
    "someone": 0.060275752544575185,
    "free": 0.06000505305709954,
    "end": 0.059842633364614164,
    "forever": 0.059481700714646646,
    "start": 0.05937342091965639,
    "ride": 0.05928318775716451,
    "cry": 0.05868764888471811,
    "side": 0.058507182559734354,
    "lie": 0.05805601674727496,
    "wait": 0.058037970114776585,
    "care": 0.0579477369522847,
    "somebody": 0.05702735869486754,
    "game": 0.05630549339493251,
    "might": 0.05628744676243413,
    "maybe": 0.05628744676243413,
    "looking": 0.05614307370244712,
    "shake": 0.055854327582473114,
    "music": 0.05576409441998123,
    "party": 0.055673861257489354,
    "remember": 0.05545730166750884,
    "til": 0.05533097524002021,
    "god": 0.0551144156500397,
    "fire": 0.054753483000072184,
    "done": 0.05466324983758031,
    "woman": 0.054645203205081934,
    "young": 0.05457301667508843,
    "rain": 0.05457301667508843,
    "huh": 0.05395943117014365,
    "stand": 0.05381505811015665,
    "kiss": 0.0534721720926875,
    "told": 0.05345412546018913,
    "soul": 0.05298491301523136,
    "came": 0.05293077311773623,
    "used": 0.05206453475781419,
    "roll": 0.05197430159532231,
    "sing": 0.05181188190283693,
    "ha": 0.05164946221035155,
    "knew": 0.051613368945354794,
    "round": 0.05155922904785967,
    "first": 0.05152313578286292,
    "door": 0.05080127048292789,
    "coming": 0.05067494405543926
}