{
    "love": 1.0,
    "oh": 0.861437488525794,
    "know": 0.8045407257817759,
    "yeah": 0.6519643840646228,
    "baby": 0.6422189584480754,
    "got": 0.5922985129429044,
    "now": 0.49415580441833423,
    "let": 0.4644911572119209,
    "go": 0.44761642494339393,
    "one": 0.4135915794627012,
    "time": 0.4077932807049752,
    "want": 0.4042133284376721,
    "make": 0.40380025702221406,
    "girl": 0.3922495563307019,
    "come": 0.3838045407257818,
    "say": 0.3672051894008935,
    "never": 0.35260999938804233,
    "see": 0.3461844440364727,
    "cause": 0.3409369071660241,
    "wanna": 0.3382289945535769,
    "way": 0.33396058992717703,
    "take": 0.325989841502968,
    "back": 0.2986200354935438,
    "feel": 0.28941007282296066,
    "right": 0.28605960467535646,
    "ain't": 0.2773239091854844,
    "need": 0.274371213512025,
    "ooh": 0.2705923750076495,
    "gonna": 0.2634936662382963,
    "night": 0.25947004467290863,
    "tell": 0.24179976745609205,
    "will": 0.2296524080533627,
    "hey": 0.22777063827183158,
    "give": 0.22207943210329845,
    "heart": 0.2220641331619852,
    "day": 0.2206107337372254,
    "la": 0.22047304326540604,
    "thing": 0.21677069946759683,
    "life": 0.21617404075637967,
    "man": 0.21219631601493177,
    "good": 0.2073006547946882,
    "keep": 0.19429655467841625,
    "think": 0.1902729331130286,
    "away": 0.18848295697937703,
    "na": 0.18340370846337434,
    "little": 0.17430083838198396,
    "nigga": 0.16242885992289333,
    "every": 0.1603176060216633,
    "look": 0.15774738388103543,
    "said": 0.15640107704546846,
    "around": 0.15505477020990147,
    "ya": 0.15491707973808214,
    "world": 0.15413683373110582,
    "gotta": 0.14088795055382167,
    "boy": 0.1396946331313873,
    "long": 0.1364665565142892,
    "eye": 0.1360840829814577,
    "still": 0.13343736613426352,
    "tonight": 0.13248883177284132,
    "mind": 0.13092833975888868,
    "well": 0.12817453032250167,
    "really": 0.1278532525549232,
    "put": 0.1269506150174408,
    "uh": 0.12529832935560858,
    "hold": 0.12202435591457071,
    "turn": 0.12130530567284743,
    "alway": 0.11995899883728046,
    "hand": 0.11893396976929196,
    "stop": 0.11885747506272566,
    "better": 0.11642494339391714,
    "da": 0.11420659690349427,
    "find": 0.1116363747628664,
    "home": 0.11134569487791444,
    "call": 0.11088672663851662,
    "u": 0.11088672663851662,
    "dance": 0.10894376109173246,
    "show": 0.10713848601676763,
    "light": 0.10643473471635763,
    "much": 0.10565448870938131,
    "everything": 0.10283948350774126,
    "nothing": 0.10134018725904168,
    "real": 0.10014686983660731,
    "gone": 0.09961140689064317,
    "leave": 0.09913713970993207,
    "something": 0.09619974297778594,
    "dream": 0.09508292026191788,
    "stay": 0.09427207637231504,
    "even": 0.0938131081329172,
    "friend": 0.09292576953674805,
    "believe": 0.09211492564714521,
    "live": 0.09165595740774739,
    "money": 0.09073802092895171,
    "hard": 0.09038614527874671,
    "hear": 0.0899577749219754,
    "try": 0.08982008445015605,
    "run": 0.08874915855822776,
    "em": 0.08862676702772168,
    "new": 0.08821369561226364,
    "ah": 0.08769353160761276,
    "feeling": 0.08731105807478122,
    "going": 0.08602594700446729,
    "play": 0.08568937029557555,
    "bad": 0.08460314546233401,
    "head": 0.08374640474879139,
    "shit": 0.08363931215959855,
    "move": 0.08360871427697203,
    "another": 0.08345572486383943,
    "talk": 0.0821247169695857,
    "whoa": 0.08198702649776636,
    "alone": 0.0812985741386696,
    "rock": 0.08091610060583808,
    "without": 0.0804724313077535,
    "name": 0.07979927788997002,
    "two": 0.07891193929380087,
    "body": 0.078743650939355,
    "everybody": 0.07800930175631847,
    "made": 0.07735144727984823,
    "mine": 0.07623462456398017,
    "face": 0.07525549231993146,
    "high": 0.0747659261979071,
    "ye": 0.07452114313689492,
    "please": 0.07407747383881036,
    "crazy": 0.07403157701487056,
    "fall": 0.07360320665809926,
    "walk": 0.07306774371213512,
    "break": 0.0730371458295086,
    "bout": 0.07129306651979683,
    "song": 0.07092589192827857,
    "bitch": 0.07061991310201333,
    "hit": 0.07057401627807355,
    "inside": 0.07029863533443485,
    "yo": 0.07013034697998899,
    "wrong": 0.06950309038614527,
    "place": 0.06899822532280767,
    "word": 0.06861575178997613,
    "doo": 0.06860045284866287,
    "work": 0.06829447402239765,
    "last": 0.06786610366562634,
    "shake": 0.06774371213512025,
    "people": 0.06762132060461416,
    "fuck": 0.06751422801542133,
    "sweet": 0.06746833119148155,
    "change": 0.06664218836056544,
    "alright": 0.06656569365399914,
    "big": 0.06651979683005936,
    "together": 0.06632091059298696,
    "enough": 0.06570895294045652,
    "true": 0.06528058258368521,
    "touch": 0.06518878893580564,
    "thought": 0.0650510984639863,
    "forever": 0.06431674928094976,
    "mean": 0.06424025457438345,
    "hot": 0.0635518022152867,
    "ride": 0.06349060645003365,
    "wait": 0.06280215409093691,
    "old": 0.06176182608163515,
    "best": 0.06171592925769537,
    "lie": 0.06171592925769537,
    "beat": 0.06163943455112906,
    "left": 0.06160883666850254,
    "bring": 0.06092038430940579,
    "start": 0.060507312893947736,
    "someone": 0.060430818187381434,
    "nobody": 0.05984945841747751,
    "end": 0.0596964690043449,
    "done": 0.05920690288232054,
    "free": 0.05839605899271771,
    "gon'": 0.05821247169695857,
    "cry": 0.05801358545988618,
    "remember": 0.05767700875099443,
    "kiss": 0.05761581298574139,
    "somebody": 0.057065051098463986,
    "care": 0.056896762744018115,
    "looking": 0.056881463802704854,
    "til": 0.056835566978765066,
    "side": 0.05643779450462028,
    "maybe": 0.056238908267547884,
    "party": 0.05608591885441527,
    "huh": 0.05577994002815005,
    "wish": 0.05561165167370418,
    "rain": 0.0552903739061257,
    "might": 0.05506088978642678,
    "fire": 0.05460192154702895,
    "knew": 0.05441833425126981,
    "woman": 0.0541888501315709,
    "told": 0.05411235542500459,
    "stand": 0.05380637659873937,
    "game": 0.053638088244293496,
    "roll": 0.05259776023499174,
    "music": 0.05259776023499174,
    "round": 0.05250596658711217,
    "soul": 0.0520622972890276,
    "first": 0.0517869163453889,
    "watch": 0.0515880301083165,
    "close": 0.05132794810599107,
    "young": 0.05094547457315954,
    "coming": 0.05059359892295453,
    "ass": 0.049828651857291476,
    "used": 0.049599167737592556,
    "ready": 0.04947677620708647
}