{
    "love": 1.0,
    "oh": 0.8590615632925985,
    "know": 0.8052225040350472,
    "yeah": 0.6458957804934287,
    "baby": 0.6389593420951503,
    "got": 0.5863500115287065,
    "now": 0.4945238644224118,
    "let": 0.46024517715778956,
    "go": 0.44673737606640535,
    "one": 0.41174775190223656,
    "time": 0.4114595342402582,
    "want": 0.399681039120744,
    "girl": 0.3916301590961494,
    "make": 0.39153408654215666,
    "come": 0.3799477365306279,
    "say": 0.37293444008915533,
    "never": 0.35598724156482975,
    "see": 0.34440089155330106,
    "wanna": 0.3411152102067481,
    "cause": 0.3402697717316117,
    "way": 0.33341019137652755,
    "take": 0.32074782876027974,
    "back": 0.297459841672431,
    "feel": 0.28644992698485894,
    "right": 0.2851049112289601,
    "ain't": 0.2704058104680655,
    "need": 0.2695411574821305,
    "gonna": 0.2642571670125279,
    "ooh": 0.26387287679655674,
    "night": 0.2606448389823995,
    "tell": 0.2426024133425563,
    "will": 0.22817231573284144,
    "hey": 0.22530935362385673,
    "heart": 0.22261932211205904,
    "give": 0.22252324955806624,
    "thing": 0.22129352086695872,
    "life": 0.21879563446314657,
    "day": 0.21868034739835523,
    "la": 0.21016831911459535,
    "good": 0.20832372607793406,
    "man": 0.20692106678963954,
    "keep": 0.19764045807393743,
    "away": 0.1917608177695796,
    "think": 0.1910690953808316,
    "na": 0.1757167012527861,
    "little": 0.17223887479824765,
    "nigga": 0.1616516793482438,
    "every": 0.1609599569594958,
    "around": 0.15813542387210822,
    "said": 0.1572515563753747,
    "look": 0.15534931980631772,
    "world": 0.15246714318653448,
    "ya": 0.14883560064560755,
    "boy": 0.1417646606717393,
    "long": 0.13488586580585657,
    "gotta": 0.13461686265467682,
    "eye": 0.1345400046114826,
    "tonight": 0.13306048727999384,
    "mind": 0.13213819076166322,
    "uh": 0.13090846207055568,
    "still": 0.1300053800630236,
    "really": 0.12766120974559989,
    "hold": 0.1253938974713704,
    "put": 0.12531703942817615,
    "well": 0.12514410883098917,
    "alway": 0.12224271770040734,
    "hand": 0.11893782184305587,
    "turn": 0.11759280608715703,
    "stop": 0.1175159480439628,
    "better": 0.11703558527399892,
    "u": 0.11271232034432403,
    "call": 0.11146337714241795,
    "home": 0.1110983014372454,
    "find": 0.11048343709169164,
    "da": 0.10998385981092922,
    "dance": 0.10787026362308816,
    "light": 0.10600645607562831,
    "show": 0.10414264852816847,
    "everything": 0.10333563907462916,
    "gone": 0.10308585043424795,
    "much": 0.10306663592344939,
    "real": 0.10241334255629851,
    "nothing": 0.10049189147644301,
    "leave": 0.09737914072707708,
    "dream": 0.09632234263315656,
    "live": 0.09393974329413574,
    "stay": 0.09392052878333718,
    "even": 0.09390131427253862,
    "something": 0.09361309661056029,
    "friend": 0.09238336791945277,
    "money": 0.0911728537391438,
    "believe": 0.09088463607716547,
    "hard": 0.08973176542925217,
    "new": 0.08892475597571285,
    "em": 0.08857889478133887,
    "hear": 0.08848282222734609,
    "feeling": 0.087579740219814,
    "run": 0.08717623549304435,
    "try": 0.08709937744985012,
    "going": 0.08709937744985012,
    "shit": 0.08512028283759895,
    "whoa": 0.08421720083006687,
    "move": 0.08364076550611022,
    "head": 0.08348704941972178,
    "another": 0.08335254784413189,
    "ah": 0.08325647529013912,
    "play": 0.08289139958496657,
    "alone": 0.08269925447698101,
    "name": 0.08170009991545615,
    "body": 0.08083544692952117,
    "bad": 0.08054722926754285,
    "rock": 0.08035508415955729,
    "two": 0.08010529551917608,
    "without": 0.07906771193605411,
    "talk": 0.079029282914457,
    "mine": 0.07816462992852202,
    "made": 0.0775305510721697,
    "face": 0.07741526400737837,
    "high": 0.07501345015755899,
    "everybody": 0.07491737760356622,
    "ye": 0.07387979402044424,
    "crazy": 0.07382215048804858,
    "please": 0.07303435554530782,
    "walk": 0.07286142494812083,
    "bout": 0.07222734609176851,
    "break": 0.07178541234340173,
    "fall": 0.07143955114902775,
    "song": 0.07140112212743063,
    "yo": 0.07099761740066098,
    "bitch": 0.07053646914149565,
    "doo": 0.07047882560909999,
    "work": 0.069960033817539,
    "people": 0.06972945968795634,
    "fuck": 0.06965260164476213,
    "hit": 0.0693643839827838,
    "inside": 0.06899930827761125,
    "true": 0.06896087925601414,
    "place": 0.06861501806164015,
    "wrong": 0.06798093920528783,
    "word": 0.06763507801091384,
    "last": 0.06746214741372684,
    "ride": 0.0663284912766121,
    "together": 0.066117131657828,
    "alright": 0.06605948812543233,
    "change": 0.06550226731227422,
    "shake": 0.06546383829067712,
    "hot": 0.06494504649911613,
    "thought": 0.06459918530474214,
    "sweet": 0.06454154177234647,
    "enough": 0.06413803704557682,
    "big": 0.06396510644838982,
    "mean": 0.06313888248405196,
    "touch": 0.06300438090846207,
    "left": 0.0629467373760664,
    "forever": 0.06275459226808086,
    "someone": 0.06208208439013143,
    "old": 0.061889939282145874,
    "beat": 0.06187072477134732,
    "wait": 0.0606409960802398,
    "gon'": 0.06054492352624702,
    "bring": 0.06050649450464991,
    "best": 0.060314349396664364,
    "lie": 0.05977634309430482,
    "huh": 0.059142264237952505,
    "side": 0.059123049727153945,
    "end": 0.058892475597571284,
    "cry": 0.05877718853277995,
    "kiss": 0.058585043424794404,
    "start": 0.05845054184920452,
    "nobody": 0.05829682576281608,
    "care": 0.058047037122434864,
    "looking": 0.058047037122434864,
    "free": 0.05697102451771578,
    "til": 0.05691338098532012,
    "somebody": 0.055895011912996694,
    "maybe": 0.05576051033740681,
    "party": 0.05529936207824149,
    "remember": 0.05529936207824149,
    "knew": 0.0546076396894935,
    "rain": 0.05381984474675275,
    "wish": 0.053800630235954196,
    "fire": 0.053781415725155636,
    "watch": 0.05358927061717009,
    "might": 0.05351241257397587,
    "soul": 0.05351241257397587,
    "stand": 0.05318576589040043,
    "game": 0.05209053877488279,
    "told": 0.052071324264084236,
    "woman": 0.05185996464530013,
    "round": 0.051840750134501574,
    "close": 0.05159096149412036,
    "came": 0.05151410345092614,
    "god": 0.05091845361617093,
    "coming": 0.050880024594573824,
    "done": 0.050687879486588275,
    "first": 0.050687879486588275,
    "fly": 0.050687879486588275,
    "ha": 0.050361232803012836,
    "roll": 0.05016908769502729,
    "music": 0.049919299054646066
}